Kid,Item,Tue,Wed,Thu,Fri
Meitav,Drop-off,Ori,Sapir,Ori,Sapir
Meitav,Pickup,Mark Cohen,BUS (Navit),Laila?,
Meitav,After,—,"Music 5:30-6. Navit takes, Jason Ossey brings home","Soccer, Navit 5:15 pm",—
Kol,Drop-off,NO SCHOOL,Bus (Navit takes),Ori,Bus (Navit takes)
Kol,Pickup,—,CLUE rehearsal until 5,Navit 4 pm. Whole Weber carpool,"Bachar, pick up at Starbucks ~2:30"
Kol,After,—,"Dance 6 pm. Navit brings, Pas brings home","Guitar 6 pm. Ori drives, Navit picks up",Math tutoring
Havi,After,Boxing. Ori brings home from Mazes,Music 5:30-6,Boxing. Salzberg pick up,—
Dinner,,Schnitzel Night,Grill,Sushi,Sukkot
Driver,Ori,blue,,,
Driver,Navit,red,,,
Driver,Sapir,green,,,
Driver,Arielle,yellow,,,
Driver,Robkins,black,,,
Driver,Mark,white,,,
Driver,Bachar,white,,,
Driver,Laila,white,,,
Driver,Pas,white,,,
Driver,Jason,white,,,
Driver,Weber,white,,,
Driver,Bus,white,,,
